{"metrics":{"data_sent":{"type":"counter","contains":"data","values":{"count":64439,"rate":6321.76189441563}},"http_req_connecting":{"type":"trend","contains":"time","values":{"p(95)":0.680248,"avg":0.12284484385382059,"min":0,"med":0,"max":2.658746,"p(90)":0.633441}},"http_reqs":{"values":{"count":301,"rate":29.529482614862193},"type":"counter","contains":"default"},"http_req_duration{expected_response:true}":{"type":"trend","contains":"time","values":{"avg":204.17357684615382,"min":117.323521,"med":253.573784,"max":256.740516,"p(90)":256.1971216,"p(95)":256.5990036}},"checks":{"type":"rate","contains":"default","values":{"rate":0.5008319467554077,"passes":301,"fails":300}},"http_req_failed":{"contains":"default","values":{"rate":0.9568106312292359,"passes":288,"fails":13},"thresholds":{"rate<0.99":{"ok":true}},"type":"rate"},"vus_max":{"type":"gauge","contains":"default","values":{"value":50,"min":50,"max":50}},"sign_in_429_duration":{"type":"trend","contains":"default","values":{"p(95)":1.4988348999999983,"avg":1.0894082083333325,"min":0.552187,"med":1.032188,"max":3.782197,"p(90)":1.2736407}},"iterations":{"type":"counter","contains":"default","values":{"count":300,"rate":29.431378021457334}},"http_req_duration":{"type":"trend","contains":"time","values":{"avg":9.860485259136217,"min":0.552187,"med":1.036188,"max":256.740516,"p(90)":1.404964,"p(95)":3.168362}},"sign_in_200_duration":{"type":"trend","contains":"default","values":{"avg":211.4110815,"min":118.398804,"med":253.5782865,"max":256.740516,"p(90)":256.3508918,"p(95)":256.6107963}},"http_req_blocked":{"type":"trend","contains":"time","values":{"p(95)":0.965097,"avg":0.2028600996677741,"min":0.012209,"med":0.021786,"max":7.197014,"p(90)":0.914414}},"iteration_duration":{"type":"trend","contains":"time","values":{"avg":110.99970201000001,"min":101.067488,"med":102.3680725,"max":358.662131,"p(90)":104.0698094,"p(95)":105.92804310000001}},"http_req_waiting":{"contains":"time","values":{"avg":9.536033335548176,"min":0.340681,"med":0.751326,"max":256.304991,"p(90)":0.994619,"p(95)":1.818617},"type":"trend"},"http_req_tls_handshaking":{"type":"trend","contains":"time","values":{"p(95)":0,"avg":0,"min":0,"med":0,"max":0,"p(90)":0}},"http_req_sending":{"values":{"max":1.889935,"p(90)":0.230256,"p(95)":0.265499,"avg":0.1281792059800665,"min":0.050846,"med":0.092735},"type":"trend","contains":"time"},"http_req_receiving":{"type":"trend","contains":"time","values":{"avg":0.1962727176079734,"min":0.083448,"med":0.178646,"max":0.560706,"p(90)":0.270771,"p(95)":0.325225}},"vus":{"type":"gauge","contains":"default","values":{"value":3,"min":3,"max":4}},"data_received":{"type":"counter","contains":"data","values":{"count":50747,"rate":4978.5138015163175}}},"setup_data":{"email":"user_1763114836290@example.com","password":"Password123!"},"root_group":{"name":"","path":"","id":"d41d8cd98f00b204e9800998ecf8427e","groups":[{"name":"setup","path":"::setup","id":"5c0f8025f7e0b6654089e5b00e950f1a","groups":[],"checks":[{"name":"sign-up OK/Conflict","path":"::setup::sign-up OK/Conflict","id":"20e60c4ddb3bcc1070a62ae9ca14e82e","passes":1,"fails":0}]}],"checks":[{"id":"e9654c443eff553da9e69eda7007924e","passes":12,"fails":288,"name":"200 OK","path":"::200 OK"},{"name":"429 Too Many Requests","path":"::429 Too Many Requests","id":"b810c35b9499cc7342fd415032e3a6aa","passes":288,"fails":12}]},"options":{"summaryTrendStats":["avg","min","med","max","p(90)","p(95)"],"summaryTimeUnit":"","noColor":false},"state":{"isStdOutTTY":true,"isStdErrTTY":true,"testRunDurationMs":10193.202635}}